{"../AxialScanAnalysis": 1664368981.6423576, "../AxialScanAnalysis/AxialScanAnalysis.m": 1664368981.6423576, "../AxialScanAnalysis/Result": 1664368981.6423576, "../AxialScanAnalysis/Result/test-zscanGaussFit.png": 1664368981.6423576, "../AxialScanAnalysis/Result/test-zscanLorentzFit.png": 1664368981.6423576, "../AxialScanAnalysis/Data": 1664368981.6423576, "../AxialScanAnalysis/Data/test.txt": 1664368981.6423576, "../AxialScanAnalysis/Data/test-laser.txt": 1664368981.6423576, "../SpectralScan": 1664368981.7943587, "../SpectralScan/Result": 1664368981.7903585, "../SpectralScan/Result/test.png": 1664368981.7943587, "../SpectralScan/SpectralScan.m": 1664368981.7943587, "../SpectralScan/Data": 1664368981.7903585, "../SpectralScan/Data/49.asc": 1664368981.7863586, "../SpectralScan/Data/24.asc": 1664368981.7823586, "../SpectralScan/Data/65.asc": 1664368981.7903585, "../SpectralScan/Data/45.asc": 1664368981.7863586, "../SpectralScan/Data/47.asc": 1664368981.7863586, "../SpectralScan/Data/13.asc": 1664368981.7823586, "../SpectralScan/Data/57.asc": 1664368981.7863586, "../SpectralScan/Data/51.asc": 1664368981.7863586, "../SpectralScan/Data/0.asc": 1664368981.7823586, "../SpectralScan/Data/29.asc": 1664368981.7823586, "../SpectralScan/Data/73.asc": 1664368981.7903585, "../SpectralScan/Data/25.asc": 1664368981.7823586, "../SpectralScan/Data/21.asc": 1664368981.7823586, "../SpectralScan/Data/79.asc": 1664368981.7903585, "../SpectralScan/Data/71.asc": 1664368981.7903585, "../SpectralScan/Data/36.asc": 1664368981.7863586, "../SpectralScan/Data/27.asc": 1664368981.7823586, "../SpectralScan/Data/43.asc": 1664368981.7863586, "../SpectralScan/Data/4.asc": 1664368981.7863586, "../SpectralScan/Data/38.asc": 1664368981.7863586, "../SpectralScan/Data/22.asc": 1664368981.7823586, "../SpectralScan/Data/15.asc": 1664368981.7823586, "../SpectralScan/Data/33.asc": 1664368981.7863586, "../SpectralScan/Data/6.asc": 1664368981.7903585, "../SpectralScan/Data/3.asc": 1664368981.7823586, "../SpectralScan/Data/14.asc": 1664368981.7823586, "../SpectralScan/Data/40.asc": 1664368981.7863586, "../SpectralScan/Data/72.asc": 1664368981.7903585, "../SpectralScan/Data/23.asc": 1664368981.7823586, "../SpectralScan/Data/31.asc": 1664368981.7823586, "../SpectralScan/Data/54.asc": 1664368981.7863586, "../SpectralScan/Data/10.asc": 1664368981.7823586, "../SpectralScan/Data/62.asc": 1664368981.7903585, "../SpectralScan/Data/70.asc": 1664368981.7903585, "../SpectralScan/Data/44.asc": 1664368981.7863586, "../SpectralScan/Data/52.asc": 1664368981.7863586, "../SpectralScan/Data/28.asc": 1664368981.7823586, "../SpectralScan/Data/34.asc": 1664368981.7863586, "../SpectralScan/Data/60.asc": 1664368981.7903585, "../SpectralScan/Data/58.asc": 1664368981.7863586, "../SpectralScan/Data/17.asc": 1664368981.7823586, "../SpectralScan/Data/53.asc": 1664368981.7863586, "../SpectralScan/Data/75.asc": 1664368981.7903585, "../SpectralScan/Data/1.asc": 1664368981.7823586, "../SpectralScan/Data/76.asc": 1664368981.7903585, "../SpectralScan/Data/80.asc": 1664368981.7903585, "../SpectralScan/Data/78.asc": 1664368981.7903585, "../SpectralScan/Data/69.asc": 1664368981.7903585, "../SpectralScan/Data/56.asc": 1664368981.7863586, "../SpectralScan/Data/32.asc": 1664368981.7863586, "../SpectralScan/Data/8.asc": 1664368981.7903585, "../SpectralScan/Data/16.asc": 1664368981.7823586, "../SpectralScan/Data/64.asc": 1664368981.7903585, "../SpectralScan/Data/68.asc": 1664368981.7903585, "../SpectralScan/Data/35.asc": 1664368981.7863586, "../SpectralScan/Data/7.asc": 1664368981.7903585, "../SpectralScan/Data/67.asc": 1664368981.7903585, "../SpectralScan/Data/42.asc": 1664368981.7863586, "../SpectralScan/Data/50.asc": 1664368981.7863586, "../SpectralScan/Data/41.asc": 1664368981.7863586, "../SpectralScan/Data/48.asc": 1664368981.7863586, "../SpectralScan/Data/19.asc": 1664368981.7823586, "../SpectralScan/Data/2.asc": 1664368981.7823586, "../SpectralScan/Data/26.asc": 1664368981.7823586, "../SpectralScan/Data/18.asc": 1664368981.7823586, "../SpectralScan/Data/55.asc": 1664368981.7863586, "../SpectralScan/Data/20.asc": 1664368981.7823586, "../SpectralScan/Data/61.asc": 1664368981.7903585, "../SpectralScan/Data/59.asc": 1664368981.7903585, "../SpectralScan/Data/12.asc": 1664368981.7823586, "../SpectralScan/Data/74.asc": 1664368981.7903585, "../SpectralScan/Data/39.asc": 1664368981.7863586, "../SpectralScan/Data/66.asc": 1664368981.7903585, "../SpectralScan/Data/9.asc": 1664368981.7903585, "../SpectralScan/Data/63.asc": 1664368981.7903585, "../SpectralScan/Data/11.asc": 1664368981.7823586, "../SpectralScan/Data/30.asc": 1664368981.7823586, "../SpectralScan/Data/5.asc": 1664368981.7863586, "../SpectralScan/Data/37.asc": 1664368981.7863586, "../SpectralScan/Data/46.asc": 1664368981.7863586, "../SpectralScan/Data/77.asc": 1664368981.7903585, "../list_of_software.xlsx": 1664368981.8143587, "../g2Analysis": 1664368981.7983587, "../g2Analysis/Result": 1664368981.7983587, "../g2Analysis/Result/test_pulsed.png": 1664368981.7983587, "../g2Analysis/Result/test_cw.png": 1664368981.7983587, "../g2Analysis/g2AnalysisCw.m": 1664368981.7983587, "../g2Analysis/g2AnalysisPulsed.m": 1664368981.7983587, "../g2Analysis/Data": 1664368981.7943587, "../g2Analysis/Data/test_pulsed.dat": 1664368981.7943587, "../g2Analysis/Data/test_cw.dat": 1664368981.7943587, "../list_of_software.pdf": 1664368981.8143587, "../FresnelCalculator": 1664368981.702358, "../FresnelCalculator/test.png": 1664368981.702358, "../FresnelCalculator/FresnelCalculator.m": 1664368981.702358, "../DipoleCollEff": 1664368981.6823578, "../DipoleCollEff/DipoleCollEff.m": 1664368981.6823578, "../DipoleCollEff/Result.png": 1664368981.686358, "../SpectrumSiV": 1664368981.7943587, "../SpectrumSiV/Result": 1664368981.7943587, "../SpectrumSiV/Result/test-Spec.png": 1664368981.7943587, "../SpectrumSiV/Result/test-Tfit.png": 1664368981.7943587, "../SpectrumSiV/Result/test-Vfit.png": 1664368981.7943587, "../SpectrumSiV/Result/test-Lfit.png": 1664368981.7943587, "../SpectrumSiV/Result/test-bg.png": 1664368981.7943587, "../SpectrumSiV/Result/test-Gfit.png": 1664368981.7943587, "../SpectrumSiV/voigt.m": 1664368981.7943587, "../SpectrumSiV/SpectrumSiV.m": 1664368981.7943587, "../SpectrumSiV/fadderiv.m": 1664368981.7943587, "../SpectrumSiV/fadf.m": 1664368981.7943587, "../SpectrumSiV/fit2voigt.m": 1664368981.7943587, "../SpectrumSiV/V_params.txt": 1664368981.7943587, "../SpectrumSiV/Data": 1664368981.7943587, "../SpectrumSiV/Data/test.asc": 1664368981.7943587, "../SpectrumSiV/Data/test_bg.asc": 1664368981.7943587, "../ConfocalScanSim": 1664368981.6823578, "../ConfocalScanSim/SpotSimulation.m": 1664368981.6823578, "../ConfocalScanSim/infernoColorMap.m": 1664368981.6823578, "../ConfocalScanSim/Result": 1664368981.6783578, "../ConfocalScanSim/Result/test.png": 1664368981.6823578, "../ConfocalScanSim/Preparation": 1664368981.6783578, "../ConfocalScanSim/Preparation/LateralFocusSize.m": 1664368981.6783578, "../ConfocalScanSim/Preparation/SimTotalPSF.m": 1664368981.6783578, "../ConfocalScanSim/Preparation/FocusIntensity.m": 1664368981.6783578, "../ConfocalScanSim/Preparation/ScanSpotFWHM.m": 1664368981.6783578, "../ConfocalScanSim/Data": 1664368981.6783578, "../ConfocalScanSim/Data/SatParam.mat": 1664368981.6783578, "../ConfocalScanSim/Data/PeakAmp.mat": 1664368981.6783578, "../ConfocalScanSim/Data/PeakStd.mat": 1664368981.6783578, "../.sync": 1664368982.8143654, "../SiVAbsorption": 1664368981.7823586, "../SiVAbsorption/Result.png": 1664368981.7823586, "../SiVAbsorption/SiVAbsorption.m": 1664368981.7823586, "../.github": 1664368981.6383576, "../LifetimeImage": 1664368981.7743585, "../LifetimeImage/Lifetimeimage2.m": 1664368981.7743585, "../.gitignore": 1664368981.6383576, "../ImageSpectral": 1664368981.7663584, "../ImageSpectral/Readme Spatially-spectrally resolved imaging.docx": 1664368981.7703586, "../ImageSpectral/Matlab Code for spatially-spectrally resolved imaging.pdf": 1664368981.7663584,